areaCode,areaName,areaType,date,newCasesBySpecimenDateRollingRate
E92000001,England,nation,06/04/2021,29.3
N92000002,Northern Ireland,nation,06/04/2021,29.7
S92000003,Scotland,nation,06/04/2021,42.7
W92000004,Wales,nation,06/04/2021,18.3
E92000001,England,nation,05/04/2021,30.1
N92000002,Northern Ireland,nation,05/04/2021,30.6
S92000003,Scotland,nation,05/04/2021,43.4
W92000004,Wales,nation,05/04/2021,19.3
E92000001,England,nation,04/04/2021,32.1
N92000002,Northern Ireland,nation,04/04/2021,34.6
S92000003,Scotland,nation,04/04/2021,47.5
W92000004,Wales,nation,04/04/2021,20.9
E92000001,England,nation,03/04/2021,36.3
N92000002,Northern Ireland,nation,03/04/2021,37.7
S92000003,Scotland,nation,03/04/2021,49.4
W92000004,Wales,nation,03/04/2021,21.8
E92000001,England,nation,02/04/2021,38.1
N92000002,Northern Ireland,nation,02/04/2021,41.2
S92000003,Scotland,nation,02/04/2021,51.4
W92000004,Wales,nation,02/04/2021,22.7
E92000001,England,nation,01/04/2021,40.8
N92000002,Northern Ireland,nation,01/04/2021,44.3
S92000003,Scotland,nation,01/04/2021,53.8
W92000004,Wales,nation,01/04/2021,25.5
E92000001,England,nation,31/03/2021,43.6
N92000002,Northern Ireland,nation,31/03/2021,48.5
S92000003,Scotland,nation,31/03/2021,56.7
W92000004,Wales,nation,31/03/2021,28.9
E92000001,England,nation,30/03/2021,47.1
N92000002,Northern Ireland,nation,30/03/2021,50.9
S92000003,Scotland,nation,30/03/2021,59.4
W92000004,Wales,nation,30/03/2021,31.5
E92000001,England,nation,29/03/2021,49.6
N92000002,Northern Ireland,nation,29/03/2021,52.9
S92000003,Scotland,nation,29/03/2021,63.2
W92000004,Wales,nation,29/03/2021,32.3
E92000001,England,nation,28/03/2021,53
N92000002,Northern Ireland,nation,28/03/2021,54.9
S92000003,Scotland,nation,28/03/2021,66.3
W92000004,Wales,nation,28/03/2021,34.6
E92000001,England,nation,27/03/2021,53.4
N92000002,Northern Ireland,nation,27/03/2021,56
S92000003,Scotland,nation,27/03/2021,68.2
W92000004,Wales,nation,27/03/2021,35.8
E92000001,England,nation,26/03/2021,54.1
N92000002,Northern Ireland,nation,26/03/2021,56
S92000003,Scotland,nation,26/03/2021,69.5
W92000004,Wales,nation,26/03/2021,37.8
E92000001,England,nation,25/03/2021,55
N92000002,Northern Ireland,nation,25/03/2021,55.7
S92000003,Scotland,nation,25/03/2021,70.7
W92000004,Wales,nation,25/03/2021,38.6
E92000001,England,nation,24/03/2021,55.1
N92000002,Northern Ireland,nation,24/03/2021,55.6
S92000003,Scotland,nation,24/03/2021,70.3
W92000004,Wales,nation,24/03/2021,39.3
E92000001,England,nation,23/03/2021,54.7
N92000002,Northern Ireland,nation,23/03/2021,54.2
S92000003,Scotland,nation,23/03/2021,71.4
W92000004,Wales,nation,23/03/2021,39
E92000001,England,nation,22/03/2021,55.4
N92000002,Northern Ireland,nation,22/03/2021,55.6
S92000003,Scotland,nation,22/03/2021,70.8
W92000004,Wales,nation,22/03/2021,39.7
E92000001,England,nation,21/03/2021,55.9
N92000002,Northern Ireland,nation,21/03/2021,55.8
S92000003,Scotland,nation,21/03/2021,71
W92000004,Wales,nation,21/03/2021,39.6
E92000001,England,nation,20/03/2021,54.3
N92000002,Northern Ireland,nation,20/03/2021,55.6
S92000003,Scotland,nation,20/03/2021,70.6
W92000004,Wales,nation,20/03/2021,40.2
E92000001,England,nation,19/03/2021,54.4
N92000002,Northern Ireland,nation,19/03/2021,56.5
S92000003,Scotland,nation,19/03/2021,70.7
W92000004,Wales,nation,19/03/2021,41.4
E92000001,England,nation,18/03/2021,55.3
N92000002,Northern Ireland,nation,18/03/2021,58.9
S92000003,Scotland,nation,18/03/2021,71.5
W92000004,Wales,nation,18/03/2021,42.3
E92000001,England,nation,17/03/2021,55.6
N92000002,Northern Ireland,nation,17/03/2021,59.5
S92000003,Scotland,nation,17/03/2021,73.5
W92000004,Wales,nation,17/03/2021,42.6
E92000001,England,nation,16/03/2021,55.8
N92000002,Northern Ireland,nation,16/03/2021,62.6
S92000003,Scotland,nation,16/03/2021,74
W92000004,Wales,nation,16/03/2021,43.2
E92000001,England,nation,15/03/2021,56.7
N92000002,Northern Ireland,nation,15/03/2021,63.4
S92000003,Scotland,nation,15/03/2021,75.5
W92000004,Wales,nation,15/03/2021,42.7
E92000001,England,nation,14/03/2021,56.9
N92000002,Northern Ireland,nation,14/03/2021,66
S92000003,Scotland,nation,14/03/2021,73.6
W92000004,Wales,nation,14/03/2021,44.6
E92000001,England,nation,13/03/2021,56.8
N92000002,Northern Ireland,nation,13/03/2021,68.5
S92000003,Scotland,nation,13/03/2021,73.4
W92000004,Wales,nation,13/03/2021,44.2
E92000001,England,nation,12/03/2021,57.3
N92000002,Northern Ireland,nation,12/03/2021,69
S92000003,Scotland,nation,12/03/2021,73.7
W92000004,Wales,nation,12/03/2021,43.6
E92000001,England,nation,11/03/2021,57.2
N92000002,Northern Ireland,nation,11/03/2021,67.3
S92000003,Scotland,nation,11/03/2021,71.5
W92000004,Wales,nation,11/03/2021,41.2
E92000001,England,nation,10/03/2021,57.3
N92000002,Northern Ireland,nation,10/03/2021,66.3
S92000003,Scotland,nation,10/03/2021,69.6
W92000004,Wales,nation,10/03/2021,40.3
E92000001,England,nation,09/03/2021,57.5
N92000002,Northern Ireland,nation,09/03/2021,64.5
S92000003,Scotland,nation,09/03/2021,67.2
W92000004,Wales,nation,09/03/2021,40.5
E92000001,England,nation,08/03/2021,58.3
N92000002,Northern Ireland,nation,08/03/2021,65.6
S92000003,Scotland,nation,08/03/2021,64.7
W92000004,Wales,nation,08/03/2021,42.8
E92000001,England,nation,07/03/2021,58.9
N92000002,Northern Ireland,nation,07/03/2021,63.8
S92000003,Scotland,nation,07/03/2021,64
W92000004,Wales,nation,07/03/2021,42.3
E92000001,England,nation,06/03/2021,59.7
N92000002,Northern Ireland,nation,06/03/2021,61.8
S92000003,Scotland,nation,06/03/2021,63.8
W92000004,Wales,nation,06/03/2021,44.3
E92000001,England,nation,05/03/2021,60.4
N92000002,Northern Ireland,nation,05/03/2021,62.5
S92000003,Scotland,nation,05/03/2021,62.6
W92000004,Wales,nation,05/03/2021,43.3
E92000001,England,nation,04/03/2021,62.4
N92000002,Northern Ireland,nation,04/03/2021,64.1
S92000003,Scotland,nation,04/03/2021,63.7
W92000004,Wales,nation,04/03/2021,45.6
E92000001,England,nation,03/03/2021,65.7
N92000002,Northern Ireland,nation,03/03/2021,68.1
S92000003,Scotland,nation,03/03/2021,65
W92000004,Wales,nation,03/03/2021,46.4
E92000001,England,nation,02/03/2021,69.5
N92000002,Northern Ireland,nation,02/03/2021,74.1
S92000003,Scotland,nation,02/03/2021,68.7
W92000004,Wales,nation,02/03/2021,48.1
E92000001,England,nation,01/03/2021,73.9
N92000002,Northern Ireland,nation,01/03/2021,76.4
S92000003,Scotland,nation,01/03/2021,72
W92000004,Wales,nation,01/03/2021,49.8
E92000001,England,nation,28/02/2021,80.9
N92000002,Northern Ireland,nation,28/02/2021,79.8
S92000003,Scotland,nation,28/02/2021,76.4
W92000004,Wales,nation,28/02/2021,52.7
E92000001,England,nation,27/02/2021,86
N92000002,Northern Ireland,nation,27/02/2021,83.2
S92000003,Scotland,nation,27/02/2021,79.8
W92000004,Wales,nation,27/02/2021,54.8
E92000001,England,nation,26/02/2021,90.9
N92000002,Northern Ireland,nation,26/02/2021,87.2
S92000003,Scotland,nation,26/02/2021,84.3
W92000004,Wales,nation,26/02/2021,58.8
E92000001,England,nation,25/02/2021,96.6
N92000002,Northern Ireland,nation,25/02/2021,93.4
S92000003,Scotland,nation,25/02/2021,91.1
W92000004,Wales,nation,25/02/2021,62.3
E92000001,England,nation,24/02/2021,102.5
N92000002,Northern Ireland,nation,24/02/2021,94.9
S92000003,Scotland,nation,24/02/2021,95.7
W92000004,Wales,nation,24/02/2021,66
E92000001,England,nation,23/02/2021,107.3
N92000002,Northern Ireland,nation,23/02/2021,97.9
S92000003,Scotland,nation,23/02/2021,98
W92000004,Wales,nation,23/02/2021,69.5
E92000001,England,nation,22/02/2021,112.1
N92000002,Northern Ireland,nation,22/02/2021,100.9
S92000003,Scotland,nation,22/02/2021,101.9
W92000004,Wales,nation,22/02/2021,74.3
E92000001,England,nation,21/02/2021,116.7
N92000002,Northern Ireland,nation,21/02/2021,107.1
S92000003,Scotland,nation,21/02/2021,105.1
W92000004,Wales,nation,21/02/2021,78.1
E92000001,England,nation,20/02/2021,118
N92000002,Northern Ireland,nation,20/02/2021,110.3
S92000003,Scotland,nation,20/02/2021,106.4
W92000004,Wales,nation,20/02/2021,78.6
E92000001,England,nation,19/02/2021,119.5
N92000002,Northern Ireland,nation,19/02/2021,108.1
S92000003,Scotland,nation,19/02/2021,104.2
W92000004,Wales,nation,19/02/2021,79
E92000001,England,nation,18/02/2021,122.5
N92000002,Northern Ireland,nation,18/02/2021,107.1
S92000003,Scotland,nation,18/02/2021,104.4
W92000004,Wales,nation,18/02/2021,82.1
E92000001,England,nation,17/02/2021,124.8
N92000002,Northern Ireland,nation,17/02/2021,107.9
S92000003,Scotland,nation,17/02/2021,103.8
W92000004,Wales,nation,17/02/2021,83.2
E92000001,England,nation,16/02/2021,128.1
N92000002,Northern Ireland,nation,16/02/2021,108.4
S92000003,Scotland,nation,16/02/2021,104.1
W92000004,Wales,nation,16/02/2021,85.6
E92000001,England,nation,15/02/2021,130.6
N92000002,Northern Ireland,nation,15/02/2021,109.3
S92000003,Scotland,nation,15/02/2021,101.4
W92000004,Wales,nation,15/02/2021,86.3
E92000001,England,nation,14/02/2021,133
N92000002,Northern Ireland,nation,14/02/2021,108.9
S92000003,Scotland,nation,14/02/2021,101.9
W92000004,Wales,nation,14/02/2021,87.6
E92000001,England,nation,13/02/2021,137.7
N92000002,Northern Ireland,nation,13/02/2021,110.7
S92000003,Scotland,nation,13/02/2021,101.5
W92000004,Wales,nation,13/02/2021,87.4
E92000001,England,nation,12/02/2021,142.7
N92000002,Northern Ireland,nation,12/02/2021,116.9
S92000003,Scotland,nation,12/02/2021,104.3
W92000004,Wales,nation,12/02/2021,89.9
E92000001,England,nation,11/02/2021,148.8
N92000002,Northern Ireland,nation,11/02/2021,124.8
S92000003,Scotland,nation,11/02/2021,105
W92000004,Wales,nation,11/02/2021,92.8
E92000001,England,nation,10/02/2021,157.5
N92000002,Northern Ireland,nation,10/02/2021,130.3
S92000003,Scotland,nation,10/02/2021,106
W92000004,Wales,nation,10/02/2021,96.8
E92000001,England,nation,09/02/2021,167.4
N92000002,Northern Ireland,nation,09/02/2021,137
S92000003,Scotland,nation,09/02/2021,107.5
W92000004,Wales,nation,09/02/2021,101
E92000001,England,nation,08/02/2021,177
N92000002,Northern Ireland,nation,08/02/2021,143.1
S92000003,Scotland,nation,08/02/2021,112.9
W92000004,Wales,nation,08/02/2021,105.3
E92000001,England,nation,07/02/2021,188.2
N92000002,Northern Ireland,nation,07/02/2021,150.9
S92000003,Scotland,nation,07/02/2021,114.8
W92000004,Wales,nation,07/02/2021,109.1
E92000001,England,nation,06/02/2021,194.5
N92000002,Northern Ireland,nation,06/02/2021,156.7
S92000003,Scotland,nation,06/02/2021,117.7
W92000004,Wales,nation,06/02/2021,114.7
E92000001,England,nation,05/02/2021,202.4
N92000002,Northern Ireland,nation,05/02/2021,161.3
S92000003,Scotland,nation,05/02/2021,119.3
W92000004,Wales,nation,05/02/2021,118.7
E92000001,England,nation,04/02/2021,212.5
N92000002,Northern Ireland,nation,04/02/2021,166.3
S92000003,Scotland,nation,04/02/2021,119.7
W92000004,Wales,nation,04/02/2021,121.8
E92000001,England,nation,03/02/2021,222.6
N92000002,Northern Ireland,nation,03/02/2021,172.6
S92000003,Scotland,nation,03/02/2021,123.8
W92000004,Wales,nation,03/02/2021,126.7
E92000001,England,nation,02/02/2021,232.9
N92000002,Northern Ireland,nation,02/02/2021,180
S92000003,Scotland,nation,02/02/2021,127.1
W92000004,Wales,nation,02/02/2021,130.6
E92000001,England,nation,01/02/2021,245
N92000002,Northern Ireland,nation,01/02/2021,189.6
S92000003,Scotland,nation,01/02/2021,129.4
W92000004,Wales,nation,01/02/2021,134.7
E92000001,England,nation,31/01/2021,257.4
N92000002,Northern Ireland,nation,31/01/2021,195.3
S92000003,Scotland,nation,31/01/2021,133.5
W92000004,Wales,nation,31/01/2021,142.2
E92000001,England,nation,30/01/2021,260.5
N92000002,Northern Ireland,nation,30/01/2021,198.2
S92000003,Scotland,nation,30/01/2021,134.4
W92000004,Wales,nation,30/01/2021,140.1
E92000001,England,nation,29/01/2021,269.2
N92000002,Northern Ireland,nation,29/01/2021,202
S92000003,Scotland,nation,29/01/2021,137.1
W92000004,Wales,nation,29/01/2021,141.9
E92000001,England,nation,28/01/2021,282
N92000002,Northern Ireland,nation,28/01/2021,206.4
S92000003,Scotland,nation,28/01/2021,142.3
W92000004,Wales,nation,28/01/2021,147.4
E92000001,England,nation,27/01/2021,294.3
N92000002,Northern Ireland,nation,27/01/2021,218.9
S92000003,Scotland,nation,27/01/2021,144.5
W92000004,Wales,nation,27/01/2021,155.4
E92000001,England,nation,26/01/2021,309.5
N92000002,Northern Ireland,nation,26/01/2021,227.5
S92000003,Scotland,nation,26/01/2021,153.1
W92000004,Wales,nation,26/01/2021,163.8
E92000001,England,nation,25/01/2021,330
N92000002,Northern Ireland,nation,25/01/2021,239.7
S92000003,Scotland,nation,25/01/2021,160.2
W92000004,Wales,nation,25/01/2021,175
E92000001,England,nation,24/01/2021,354.2
N92000002,Northern Ireland,nation,24/01/2021,254.7
S92000003,Scotland,nation,24/01/2021,167.8
W92000004,Wales,nation,24/01/2021,192.4
E92000001,England,nation,23/01/2021,373.3
N92000002,Northern Ireland,nation,23/01/2021,263.4
S92000003,Scotland,nation,23/01/2021,173.9
W92000004,Wales,nation,23/01/2021,206
E92000001,England,nation,22/01/2021,387.1
N92000002,Northern Ireland,nation,22/01/2021,275
S92000003,Scotland,nation,22/01/2021,178.3
W92000004,Wales,nation,22/01/2021,220.8
E92000001,England,nation,21/01/2021,404.7
N92000002,Northern Ireland,nation,21/01/2021,287.6
S92000003,Scotland,nation,21/01/2021,184
W92000004,Wales,nation,21/01/2021,234.7
E92000001,England,nation,20/01/2021,422
N92000002,Northern Ireland,nation,20/01/2021,296.1
S92000003,Scotland,nation,20/01/2021,191
W92000004,Wales,nation,20/01/2021,247.5
E92000001,England,nation,19/01/2021,438.7
N92000002,Northern Ireland,nation,19/01/2021,311
S92000003,Scotland,nation,19/01/2021,193.2
W92000004,Wales,nation,19/01/2021,263.1
E92000001,England,nation,18/01/2021,454.2
N92000002,Northern Ireland,nation,18/01/2021,324.6
S92000003,Scotland,nation,18/01/2021,201
W92000004,Wales,nation,18/01/2021,279.6
E92000001,England,nation,17/01/2021,474.2
N92000002,Northern Ireland,nation,17/01/2021,343.3
S92000003,Scotland,nation,17/01/2021,207.7
W92000004,Wales,nation,17/01/2021,290.3
E92000001,England,nation,16/01/2021,486
N92000002,Northern Ireland,nation,16/01/2021,357.6
S92000003,Scotland,nation,16/01/2021,211.9
W92000004,Wales,nation,16/01/2021,301.5
E92000001,England,nation,15/01/2021,499.9
N92000002,Northern Ireland,nation,15/01/2021,373.9
S92000003,Scotland,nation,15/01/2021,217.8
W92000004,Wales,nation,15/01/2021,305.8
E92000001,England,nation,14/01/2021,509.7
N92000002,Northern Ireland,nation,14/01/2021,394.5
S92000003,Scotland,nation,14/01/2021,223.1
W92000004,Wales,nation,14/01/2021,318
E92000001,England,nation,13/01/2021,524.5
N92000002,Northern Ireland,nation,13/01/2021,411.6
S92000003,Scotland,nation,13/01/2021,233.6
W92000004,Wales,nation,13/01/2021,329.2
E92000001,England,nation,12/01/2021,542.6
N92000002,Northern Ireland,nation,12/01/2021,436.3
S92000003,Scotland,nation,12/01/2021,249.2
W92000004,Wales,nation,12/01/2021,345.9
E92000001,England,nation,11/01/2021,566.3
N92000002,Northern Ireland,nation,11/01/2021,462.8
S92000003,Scotland,nation,11/01/2021,268.8
W92000004,Wales,nation,11/01/2021,370.7
E92000001,England,nation,10/01/2021,596.7
N92000002,Northern Ireland,nation,10/01/2021,501.9
S92000003,Scotland,nation,10/01/2021,274.1
W92000004,Wales,nation,10/01/2021,400
E92000001,England,nation,09/01/2021,626.3
N92000002,Northern Ireland,nation,09/01/2021,541.4
S92000003,Scotland,nation,09/01/2021,288.6
W92000004,Wales,nation,09/01/2021,420
E92000001,England,nation,08/01/2021,659.6
N92000002,Northern Ireland,nation,08/01/2021,590.4
S92000003,Scotland,nation,08/01/2021,301.8
W92000004,Wales,nation,08/01/2021,450
E92000001,England,nation,07/01/2021,634.5
N92000002,Northern Ireland,nation,07/01/2021,591.1
S92000003,Scotland,nation,07/01/2021,289.5
W92000004,Wales,nation,07/01/2021,437.8
E92000001,England,nation,06/01/2021,634.2
N92000002,Northern Ireland,nation,06/01/2021,616.7
S92000003,Scotland,nation,06/01/2021,292.7
W92000004,Wales,nation,06/01/2021,448.8
E92000001,England,nation,05/01/2021,654.8
N92000002,Northern Ireland,nation,05/01/2021,653.8
S92000003,Scotland,nation,05/01/2021,300.3
W92000004,Wales,nation,05/01/2021,471.3
E92000001,England,nation,04/01/2021,680.5
N92000002,Northern Ireland,nation,04/01/2021,690.1
S92000003,Scotland,nation,04/01/2021,301.9
W92000004,Wales,nation,04/01/2021,508.6
E92000001,England,nation,03/01/2021,628.9
N92000002,Northern Ireland,nation,03/01/2021,657.7
S92000003,Scotland,nation,03/01/2021,291.7
W92000004,Wales,nation,03/01/2021,499.1
E92000001,England,nation,02/01/2021,616.3
N92000002,Northern Ireland,nation,02/01/2021,629
S92000003,Scotland,nation,02/01/2021,282.2
W92000004,Wales,nation,02/01/2021,520.9
E92000001,England,nation,01/01/2021,585.3
N92000002,Northern Ireland,nation,01/01/2021,565.2
S92000003,Scotland,nation,01/01/2021,260.9
W92000004,Wales,nation,01/01/2021,514.7
E92000001,England,nation,31/12/2020,557.7
N92000002,Northern Ireland,nation,31/12/2020,517.3
S92000003,Scotland,nation,31/12/2020,249.1
W92000004,Wales,nation,31/12/2020,496.7
E92000001,England,nation,30/12/2020,525.7
N92000002,Northern Ireland,nation,30/12/2020,459.3
S92000003,Scotland,nation,30/12/2020,224.3
W92000004,Wales,nation,30/12/2020,479.7
E92000001,England,nation,29/12/2020,480.8
N92000002,Northern Ireland,nation,29/12/2020,384.2
S92000003,Scotland,nation,29/12/2020,194.1
W92000004,Wales,nation,29/12/2020,471.5
E92000001,England,nation,28/12/2020,424.7
N92000002,Northern Ireland,nation,28/12/2020,300.6
S92000003,Scotland,nation,28/12/2020,160.8
W92000004,Wales,nation,28/12/2020,444.3
E92000001,England,nation,27/12/2020,429.2
N92000002,Northern Ireland,nation,27/12/2020,265.3
S92000003,Scotland,nation,27/12/2020,151.6
W92000004,Wales,nation,27/12/2020,456.6
E92000001,England,nation,26/12/2020,405.3
N92000002,Northern Ireland,nation,26/12/2020,233.6
S92000003,Scotland,nation,26/12/2020,135.5
W92000004,Wales,nation,26/12/2020,447.5
E92000001,England,nation,25/12/2020,378.7
N92000002,Northern Ireland,nation,25/12/2020,221.3
S92000003,Scotland,nation,25/12/2020,130
W92000004,Wales,nation,25/12/2020,456.3
E92000001,England,nation,24/12/2020,412.7
N92000002,Northern Ireland,nation,24/12/2020,231.6
S92000003,Scotland,nation,24/12/2020,137.5
W92000004,Wales,nation,24/12/2020,516.4
E92000001,England,nation,23/12/2020,414.3
N92000002,Northern Ireland,nation,23/12/2020,230.4
S92000003,Scotland,nation,23/12/2020,135.5
W92000004,Wales,nation,23/12/2020,557.7
E92000001,England,nation,22/12/2020,401
N92000002,Northern Ireland,nation,22/12/2020,220.4
S92000003,Scotland,nation,22/12/2020,130.5
W92000004,Wales,nation,22/12/2020,579.8
E92000001,England,nation,21/12/2020,380
N92000002,Northern Ireland,nation,21/12/2020,210.4
S92000003,Scotland,nation,21/12/2020,125.1
W92000004,Wales,nation,21/12/2020,594.9
E92000001,England,nation,20/12/2020,356.8
N92000002,Northern Ireland,nation,20/12/2020,202.3
S92000003,Scotland,nation,20/12/2020,121.1
W92000004,Wales,nation,20/12/2020,620.1
E92000001,England,nation,19/12/2020,337.6
N92000002,Northern Ireland,nation,19/12/2020,197.5
S92000003,Scotland,nation,19/12/2020,119.2
W92000004,Wales,nation,19/12/2020,636.8
E92000001,England,nation,18/12/2020,327.5
N92000002,Northern Ireland,nation,18/12/2020,191
S92000003,Scotland,nation,18/12/2020,117.9
W92000004,Wales,nation,18/12/2020,640.5
E92000001,England,nation,17/12/2020,306.2
N92000002,Northern Ireland,nation,17/12/2020,190.2
S92000003,Scotland,nation,17/12/2020,116.8
W92000004,Wales,nation,17/12/2020,649.2
E92000001,England,nation,16/12/2020,286.6
N92000002,Northern Ireland,nation,16/12/2020,184.8
S92000003,Scotland,nation,16/12/2020,116.5
W92000004,Wales,nation,16/12/2020,645.6
E92000001,England,nation,15/12/2020,264.1
N92000002,Northern Ireland,nation,15/12/2020,176.2
S92000003,Scotland,nation,15/12/2020,115.5
W92000004,Wales,nation,15/12/2020,631.4
E92000001,England,nation,14/12/2020,242
N92000002,Northern Ireland,nation,14/12/2020,172.8
S92000003,Scotland,nation,14/12/2020,115.5
W92000004,Wales,nation,14/12/2020,613
E92000001,England,nation,13/12/2020,220.5
N92000002,Northern Ireland,nation,13/12/2020,167.6
S92000003,Scotland,nation,13/12/2020,112.8
W92000004,Wales,nation,13/12/2020,580.4
E92000001,England,nation,12/12/2020,207.6
N92000002,Northern Ireland,nation,12/12/2020,166
S92000003,Scotland,nation,12/12/2020,111.4
W92000004,Wales,nation,12/12/2020,547.5
E92000001,England,nation,11/12/2020,197.1
N92000002,Northern Ireland,nation,11/12/2020,167.9
S92000003,Scotland,nation,11/12/2020,111.1
W92000004,Wales,nation,11/12/2020,523.7
E92000001,England,nation,10/12/2020,184.7
N92000002,Northern Ireland,nation,10/12/2020,163.3
S92000003,Scotland,nation,10/12/2020,106.9
W92000004,Wales,nation,10/12/2020,488.3
E92000001,England,nation,09/12/2020,174
N92000002,Northern Ireland,nation,09/12/2020,163
S92000003,Scotland,nation,09/12/2020,105.3
W92000004,Wales,nation,09/12/2020,461.1
E92000001,England,nation,08/12/2020,166.9
N92000002,Northern Ireland,nation,08/12/2020,160.7
S92000003,Scotland,nation,08/12/2020,104.4
W92000004,Wales,nation,08/12/2020,427.9
E92000001,England,nation,07/12/2020,161.3
N92000002,Northern Ireland,nation,07/12/2020,157
S92000003,Scotland,nation,07/12/2020,102.3
W92000004,Wales,nation,07/12/2020,396.5
E92000001,England,nation,06/12/2020,157.1
N92000002,Northern Ireland,nation,06/12/2020,158.9
S92000003,Scotland,nation,06/12/2020,102.7
W92000004,Wales,nation,06/12/2020,364.6
E92000001,England,nation,05/12/2020,153.6
N92000002,Northern Ireland,nation,05/12/2020,153
S92000003,Scotland,nation,05/12/2020,101
W92000004,Wales,nation,05/12/2020,341.4
E92000001,England,nation,04/12/2020,152
N92000002,Northern Ireland,nation,04/12/2020,150.1
S92000003,Scotland,nation,04/12/2020,99.3
W92000004,Wales,nation,04/12/2020,319.5
E92000001,England,nation,03/12/2020,150.9
N92000002,Northern Ireland,nation,03/12/2020,144.8
S92000003,Scotland,nation,03/12/2020,101
W92000004,Wales,nation,03/12/2020,298.5
E92000001,England,nation,02/12/2020,150.4
N92000002,Northern Ireland,nation,02/12/2020,136.4
S92000003,Scotland,nation,02/12/2020,100.9
W92000004,Wales,nation,02/12/2020,278
E92000001,England,nation,01/12/2020,151.3
N92000002,Northern Ireland,nation,01/12/2020,136.8
S92000003,Scotland,nation,01/12/2020,100.5
W92000004,Wales,nation,01/12/2020,268.2
E92000001,England,nation,30/11/2020,152.2
N92000002,Northern Ireland,nation,30/11/2020,133.7
S92000003,Scotland,nation,30/11/2020,101.7
W92000004,Wales,nation,30/11/2020,251.8
E92000001,England,nation,29/11/2020,154.3
N92000002,Northern Ireland,nation,29/11/2020,126.8
S92000003,Scotland,nation,29/11/2020,105.1
W92000004,Wales,nation,29/11/2020,236.8
E92000001,England,nation,28/11/2020,156.3
N92000002,Northern Ireland,nation,28/11/2020,127.8
S92000003,Scotland,nation,28/11/2020,107.9
W92000004,Wales,nation,28/11/2020,228.9
E92000001,England,nation,27/11/2020,158.8
N92000002,Northern Ireland,nation,27/11/2020,125.2
S92000003,Scotland,nation,27/11/2020,111.4
W92000004,Wales,nation,27/11/2020,223.7
E92000001,England,nation,26/11/2020,163.1
N92000002,Northern Ireland,nation,26/11/2020,127.3
S92000003,Scotland,nation,26/11/2020,113.7
W92000004,Wales,nation,26/11/2020,220.5
E92000001,England,nation,25/11/2020,168.8
N92000002,Northern Ireland,nation,25/11/2020,127.9
S92000003,Scotland,nation,25/11/2020,117
W92000004,Wales,nation,25/11/2020,212.9
E92000001,England,nation,24/11/2020,176.4
N92000002,Northern Ireland,nation,24/11/2020,129
S92000003,Scotland,nation,24/11/2020,120.4
W92000004,Wales,nation,24/11/2020,201.8
E92000001,England,nation,23/11/2020,187.6
N92000002,Northern Ireland,nation,23/11/2020,141.3
S92000003,Scotland,nation,23/11/2020,124.7
W92000004,Wales,nation,23/11/2020,200.2
E92000001,England,nation,22/11/2020,201
N92000002,Northern Ireland,nation,22/11/2020,152
S92000003,Scotland,nation,22/11/2020,126.8
W92000004,Wales,nation,22/11/2020,199
E92000001,England,nation,21/11/2020,208.4
N92000002,Northern Ireland,nation,21/11/2020,157.3
S92000003,Scotland,nation,21/11/2020,128.8
W92000004,Wales,nation,21/11/2020,196.1
E92000001,England,nation,20/11/2020,218
N92000002,Northern Ireland,nation,20/11/2020,164
S92000003,Scotland,nation,20/11/2020,131.6
W92000004,Wales,nation,20/11/2020,194.5
E92000001,England,nation,19/11/2020,230.4
N92000002,Northern Ireland,nation,19/11/2020,169.4
S92000003,Scotland,nation,19/11/2020,135.2
W92000004,Wales,nation,19/11/2020,192
E92000001,England,nation,18/11/2020,241.8
N92000002,Northern Ireland,nation,18/11/2020,180
S92000003,Scotland,nation,18/11/2020,139.2
W92000004,Wales,nation,18/11/2020,187.4
E92000001,England,nation,17/11/2020,253.2
N92000002,Northern Ireland,nation,17/11/2020,188.9
S92000003,Scotland,nation,17/11/2020,141.7
W92000004,Wales,nation,17/11/2020,183.2
E92000001,England,nation,16/11/2020,260.6
N92000002,Northern Ireland,nation,16/11/2020,195.6
S92000003,Scotland,nation,16/11/2020,142.8
W92000004,Wales,nation,16/11/2020,180.7
E92000001,England,nation,15/11/2020,268.4
N92000002,Northern Ireland,nation,15/11/2020,199.1
S92000003,Scotland,nation,15/11/2020,143.2
W92000004,Wales,nation,15/11/2020,181.3
E92000001,England,nation,14/11/2020,275
N92000002,Northern Ireland,nation,14/11/2020,201.7
S92000003,Scotland,nation,14/11/2020,144.4
W92000004,Wales,nation,14/11/2020,183.5
E92000001,England,nation,13/11/2020,276.1
N92000002,Northern Ireland,nation,13/11/2020,203.7
S92000003,Scotland,nation,13/11/2020,143
W92000004,Wales,nation,13/11/2020,182.7
E92000001,England,nation,12/11/2020,274.6
N92000002,Northern Ireland,nation,12/11/2020,204.4
S92000003,Scotland,nation,12/11/2020,144.5
W92000004,Wales,nation,12/11/2020,183.3
E92000001,England,nation,11/11/2020,272.7
N92000002,Northern Ireland,nation,11/11/2020,204.9
S92000003,Scotland,nation,11/11/2020,146.3
W92000004,Wales,nation,11/11/2020,191.1
E92000001,England,nation,10/11/2020,265.7
N92000002,Northern Ireland,nation,10/11/2020,204.2
S92000003,Scotland,nation,10/11/2020,147.3
W92000004,Wales,nation,10/11/2020,198.6
E92000001,England,nation,09/11/2020,261.8
N92000002,Northern Ireland,nation,09/11/2020,201.8
S92000003,Scotland,nation,09/11/2020,149.1
W92000004,Wales,nation,09/11/2020,207.2
E92000001,England,nation,08/11/2020,261.5
N92000002,Northern Ireland,nation,08/11/2020,204.4
S92000003,Scotland,nation,08/11/2020,152.5
W92000004,Wales,nation,08/11/2020,219.9
E92000001,England,nation,07/11/2020,253.4
N92000002,Northern Ireland,nation,07/11/2020,206.6
S92000003,Scotland,nation,07/11/2020,154.2
W92000004,Wales,nation,07/11/2020,227.9
E92000001,England,nation,06/11/2020,249.3
N92000002,Northern Ireland,nation,06/11/2020,209.6
S92000003,Scotland,nation,06/11/2020,152.4
W92000004,Wales,nation,06/11/2020,236.6
E92000001,England,nation,05/11/2020,247.2
N92000002,Northern Ireland,nation,05/11/2020,220.4
S92000003,Scotland,nation,05/11/2020,151.8
W92000004,Wales,nation,05/11/2020,248.1
E92000001,England,nation,04/11/2020,245.6
N92000002,Northern Ireland,nation,04/11/2020,227.3
S92000003,Scotland,nation,04/11/2020,148.2
W92000004,Wales,nation,04/11/2020,266.1
E92000001,England,nation,03/11/2020,244.8
N92000002,Northern Ireland,nation,03/11/2020,235.8
S92000003,Scotland,nation,03/11/2020,147.5
W92000004,Wales,nation,03/11/2020,274.4
E92000001,England,nation,02/11/2020,241.6
N92000002,Northern Ireland,nation,02/11/2020,244.7
S92000003,Scotland,nation,02/11/2020,146
W92000004,Wales,nation,02/11/2020,282.2
E92000001,England,nation,01/11/2020,232.4
N92000002,Northern Ireland,nation,01/11/2020,255
S92000003,Scotland,nation,01/11/2020,143.6
W92000004,Wales,nation,01/11/2020,286.8
E92000001,England,nation,31/10/2020,232.1
N92000002,Northern Ireland,nation,31/10/2020,266.4
S92000003,Scotland,nation,31/10/2020,142.9
W92000004,Wales,nation,31/10/2020,286.5
E92000001,England,nation,30/10/2020,230.6
N92000002,Northern Ireland,nation,30/10/2020,278.3
S92000003,Scotland,nation,30/10/2020,146.8
W92000004,Wales,nation,30/10/2020,291.2
E92000001,England,nation,29/10/2020,227.8
N92000002,Northern Ireland,nation,29/10/2020,288.5
S92000003,Scotland,nation,29/10/2020,150.1
W92000004,Wales,nation,29/10/2020,289.8
E92000001,England,nation,28/10/2020,227.2
N92000002,Northern Ireland,nation,28/10/2020,308.9
S92000003,Scotland,nation,28/10/2020,157.5
W92000004,Wales,nation,28/10/2020,273.1
E92000001,England,nation,27/10/2020,229.4
N92000002,Northern Ireland,nation,27/10/2020,327.9
S92000003,Scotland,nation,27/10/2020,163.2
W92000004,Wales,nation,27/10/2020,270.2
E92000001,England,nation,26/10/2020,230.9
N92000002,Northern Ireland,nation,26/10/2020,340.7
S92000003,Scotland,nation,26/10/2020,170.1
W92000004,Wales,nation,26/10/2020,262.5
E92000001,England,nation,25/10/2020,229.8
N92000002,Northern Ireland,nation,25/10/2020,348.6
S92000003,Scotland,nation,25/10/2020,170.3
W92000004,Wales,nation,25/10/2020,248.4
E92000001,England,nation,24/10/2020,227.4
N92000002,Northern Ireland,nation,24/10/2020,354.4
S92000003,Scotland,nation,24/10/2020,168.2
W92000004,Wales,nation,24/10/2020,241.3
E92000001,England,nation,23/10/2020,225.4
N92000002,Northern Ireland,nation,23/10/2020,359.8
S92000003,Scotland,nation,23/10/2020,166.5
W92000004,Wales,nation,23/10/2020,231.2
E92000001,England,nation,22/10/2020,219
N92000002,Northern Ireland,nation,22/10/2020,364.5
S92000003,Scotland,nation,22/10/2020,165.9
W92000004,Wales,nation,22/10/2020,223.5
E92000001,England,nation,21/10/2020,211.3
N92000002,Northern Ireland,nation,21/10/2020,366.1
S92000003,Scotland,nation,21/10/2020,162.1
W92000004,Wales,nation,21/10/2020,215.1
E92000001,England,nation,20/10/2020,202.3
N92000002,Northern Ireland,nation,20/10/2020,363.4
S92000003,Scotland,nation,20/10/2020,156.8
W92000004,Wales,nation,20/10/2020,203.6
E92000001,England,nation,19/10/2020,191.8
N92000002,Northern Ireland,nation,19/10/2020,364.5
S92000003,Scotland,nation,19/10/2020,152
W92000004,Wales,nation,19/10/2020,194.6
E92000001,England,nation,18/10/2020,181.3
N92000002,Northern Ireland,nation,18/10/2020,368.1
S92000003,Scotland,nation,18/10/2020,152.1
W92000004,Wales,nation,18/10/2020,184.1
E92000001,England,nation,17/10/2020,177.4
N92000002,Northern Ireland,nation,17/10/2020,370.2
S92000003,Scotland,nation,17/10/2020,154.5
W92000004,Wales,nation,17/10/2020,181.3
E92000001,England,nation,16/10/2020,173.5
N92000002,Northern Ireland,nation,16/10/2020,368
S92000003,Scotland,nation,16/10/2020,155.9
W92000004,Wales,nation,16/10/2020,178.4
E92000001,England,nation,15/10/2020,170.8
N92000002,Northern Ireland,nation,15/10/2020,361.1
S92000003,Scotland,nation,15/10/2020,153.1
W92000004,Wales,nation,15/10/2020,173
E92000001,England,nation,14/10/2020,170.8
N92000002,Northern Ireland,nation,14/10/2020,354.4
S92000003,Scotland,nation,14/10/2020,150.9
W92000004,Wales,nation,14/10/2020,174.2
E92000001,England,nation,13/10/2020,168.6
N92000002,Northern Ireland,nation,13/10/2020,352.8
S92000003,Scotland,nation,13/10/2020,150.1
W92000004,Wales,nation,13/10/2020,172.5
E92000001,England,nation,12/10/2020,166.6
N92000002,Northern Ireland,nation,12/10/2020,337.9
S92000003,Scotland,nation,12/10/2020,145.9
W92000004,Wales,nation,12/10/2020,166.8
E92000001,England,nation,11/10/2020,162.8
N92000002,Northern Ireland,nation,11/10/2020,317
S92000003,Scotland,nation,11/10/2020,141.1
W92000004,Wales,nation,11/10/2020,164.3
E92000001,England,nation,10/10/2020,163.1
N92000002,Northern Ireland,nation,10/10/2020,305.4
S92000003,Scotland,nation,10/10/2020,137.2
W92000004,Wales,nation,10/10/2020,163.9
E92000001,England,nation,09/10/2020,162.3
N92000002,Northern Ireland,nation,09/10/2020,296
S92000003,Scotland,nation,09/10/2020,132.8
W92000004,Wales,nation,09/10/2020,160.7
E92000001,England,nation,08/10/2020,159.7
N92000002,Northern Ireland,nation,08/10/2020,288.5
S92000003,Scotland,nation,08/10/2020,127.7
W92000004,Wales,nation,08/10/2020,154.9
E92000001,England,nation,07/10/2020,152.7
N92000002,Northern Ireland,nation,07/10/2020,262
S92000003,Scotland,nation,07/10/2020,120.5
W92000004,Wales,nation,07/10/2020,148.6
E92000001,England,nation,06/10/2020,144.4
N92000002,Northern Ireland,nation,06/10/2020,241.4
S92000003,Scotland,nation,06/10/2020,112.1
W92000004,Wales,nation,06/10/2020,140.7
E92000001,England,nation,05/10/2020,134.5
N92000002,Northern Ireland,nation,05/10/2020,219.6
S92000003,Scotland,nation,05/10/2020,102.4
W92000004,Wales,nation,05/10/2020,131
E92000001,England,nation,04/10/2020,124.8
N92000002,Northern Ireland,nation,04/10/2020,197.7
S92000003,Scotland,nation,04/10/2020,93.7
W92000004,Wales,nation,04/10/2020,122.2
E92000001,England,nation,03/10/2020,118
N92000002,Northern Ireland,nation,03/10/2020,179.5
S92000003,Scotland,nation,03/10/2020,86.7
W92000004,Wales,nation,03/10/2020,112.8
E92000001,England,nation,02/10/2020,110.8
N92000002,Northern Ireland,nation,02/10/2020,160.9
S92000003,Scotland,nation,02/10/2020,81.8
W92000004,Wales,nation,02/10/2020,109.1
E92000001,England,nation,01/10/2020,101
N92000002,Northern Ireland,nation,01/10/2020,136.9
S92000003,Scotland,nation,01/10/2020,77.4
W92000004,Wales,nation,01/10/2020,102.3
E92000001,England,nation,30/09/2020,92.1
N92000002,Northern Ireland,nation,30/09/2020,126.4
S92000003,Scotland,nation,30/09/2020,76.3
W92000004,Wales,nation,30/09/2020,92.4
E92000001,England,nation,29/09/2020,83.8
N92000002,Northern Ireland,nation,29/09/2020,104
S92000003,Scotland,nation,29/09/2020,72.2
W92000004,Wales,nation,29/09/2020,85.4
E92000001,England,nation,28/09/2020,77.9
N92000002,Northern Ireland,nation,28/09/2020,92.4
S92000003,Scotland,nation,28/09/2020,69.2
W92000004,Wales,nation,28/09/2020,82.6
E92000001,England,nation,27/09/2020,71
N92000002,Northern Ireland,nation,27/09/2020,83.9
S92000003,Scotland,nation,27/09/2020,66.1
W92000004,Wales,nation,27/09/2020,79
E92000001,England,nation,26/09/2020,68.5
N92000002,Northern Ireland,nation,26/09/2020,76.1
S92000003,Scotland,nation,26/09/2020,65.4
W92000004,Wales,nation,26/09/2020,76.9
E92000001,England,nation,25/09/2020,65.9
N92000002,Northern Ireland,nation,25/09/2020,70.5
S92000003,Scotland,nation,25/09/2020,61.7
W92000004,Wales,nation,25/09/2020,73
E92000001,England,nation,24/09/2020,62.7
N92000002,Northern Ireland,nation,24/09/2020,66.5
S92000003,Scotland,nation,24/09/2020,56.1
W92000004,Wales,nation,24/09/2020,68.6
E92000001,England,nation,23/09/2020,58.6
N92000002,Northern Ireland,nation,23/09/2020,60.5
S92000003,Scotland,nation,23/09/2020,47.8
W92000004,Wales,nation,23/09/2020,66.9
E92000001,England,nation,22/09/2020,54.7
N92000002,Northern Ireland,nation,22/09/2020,55.9
S92000003,Scotland,nation,22/09/2020,42.5
W92000004,Wales,nation,22/09/2020,61.5
E92000001,England,nation,21/09/2020,50.6
N92000002,Northern Ireland,nation,21/09/2020,52.5
S92000003,Scotland,nation,21/09/2020,37.8
W92000004,Wales,nation,21/09/2020,54.6
E92000001,England,nation,20/09/2020,47.4
N92000002,Northern Ireland,nation,20/09/2020,51.7
S92000003,Scotland,nation,20/09/2020,32.9
W92000004,Wales,nation,20/09/2020,50.8
E92000001,England,nation,19/09/2020,42.2
N92000002,Northern Ireland,nation,19/09/2020,50
S92000003,Scotland,nation,19/09/2020,30.3
W92000004,Wales,nation,19/09/2020,48
E92000001,England,nation,18/09/2020,38.7
N92000002,Northern Ireland,nation,18/09/2020,47.1
S92000003,Scotland,nation,18/09/2020,29.9
W92000004,Wales,nation,18/09/2020,43.5
E92000001,England,nation,17/09/2020,36.2
N92000002,Northern Ireland,nation,17/09/2020,42
S92000003,Scotland,nation,17/09/2020,28.9
W92000004,Wales,nation,17/09/2020,40.3
E92000001,England,nation,16/09/2020,34.7
N92000002,Northern Ireland,nation,16/09/2020,37.3
S92000003,Scotland,nation,16/09/2020,28.2
W92000004,Wales,nation,16/09/2020,38
E92000001,England,nation,15/09/2020,33.1
N92000002,Northern Ireland,nation,15/09/2020,35.5
S92000003,Scotland,nation,15/09/2020,27.2
W92000004,Wales,nation,15/09/2020,36.4
E92000001,England,nation,14/09/2020,33.1
N92000002,Northern Ireland,nation,14/09/2020,32.8
S92000003,Scotland,nation,14/09/2020,24.7
W92000004,Wales,nation,14/09/2020,35.7
E92000001,England,nation,13/09/2020,34.1
N92000002,Northern Ireland,nation,13/09/2020,30.4
S92000003,Scotland,nation,13/09/2020,24.4
W92000004,Wales,nation,13/09/2020,34.7
E92000001,England,nation,12/09/2020,34.7
N92000002,Northern Ireland,nation,12/09/2020,31.1
S92000003,Scotland,nation,12/09/2020,23.9
W92000004,Wales,nation,12/09/2020,33.7
E92000001,England,nation,11/09/2020,34.7
N92000002,Northern Ireland,nation,11/09/2020,30.2
S92000003,Scotland,nation,11/09/2020,22.5
W92000004,Wales,nation,11/09/2020,33.3
E92000001,England,nation,10/09/2020,34.2
N92000002,Northern Ireland,nation,10/09/2020,33.2
S92000003,Scotland,nation,10/09/2020,21.7
W92000004,Wales,nation,10/09/2020,33.4
E92000001,England,nation,09/09/2020,33.4
N92000002,Northern Ireland,nation,09/09/2020,34.6
S92000003,Scotland,nation,09/09/2020,21.2
W92000004,Wales,nation,09/09/2020,31.5
E92000001,England,nation,08/09/2020,33
N92000002,Northern Ireland,nation,08/09/2020,34.2
S92000003,Scotland,nation,08/09/2020,20.6
W92000004,Wales,nation,08/09/2020,29.5
E92000001,England,nation,07/09/2020,31.1
N92000002,Northern Ireland,nation,07/09/2020,34.7
S92000003,Scotland,nation,07/09/2020,22.3
W92000004,Wales,nation,07/09/2020,26.8
E92000001,England,nation,06/09/2020,27.2
N92000002,Northern Ireland,nation,06/09/2020,33.7
S92000003,Scotland,nation,06/09/2020,21.9
W92000004,Wales,nation,06/09/2020,23.1
E92000001,England,nation,05/09/2020,25.3
N92000002,Northern Ireland,nation,05/09/2020,30.1
S92000003,Scotland,nation,05/09/2020,21
W92000004,Wales,nation,05/09/2020,20.4
E92000001,England,nation,04/09/2020,23.2
N92000002,Northern Ireland,nation,04/09/2020,27.6
S92000003,Scotland,nation,04/09/2020,20.2
W92000004,Wales,nation,04/09/2020,17.8
E92000001,England,nation,03/09/2020,21.1
N92000002,Northern Ireland,nation,03/09/2020,25.2
S92000003,Scotland,nation,03/09/2020,19
W92000004,Wales,nation,03/09/2020,14.7
E92000001,England,nation,02/09/2020,18.7
N92000002,Northern Ireland,nation,02/09/2020,23.8
S92000003,Scotland,nation,02/09/2020,17.1
W92000004,Wales,nation,02/09/2020,12.3
E92000001,England,nation,01/09/2020,16.1
N92000002,Northern Ireland,nation,01/09/2020,22.8
S92000003,Scotland,nation,01/09/2020,15.3
W92000004,Wales,nation,01/09/2020,10.7
E92000001,England,nation,31/08/2020,14.5
N92000002,Northern Ireland,nation,31/08/2020,22.8
S92000003,Scotland,nation,31/08/2020,13
W92000004,Wales,nation,31/08/2020,10.5
E92000001,England,nation,30/08/2020,14.3
N92000002,Northern Ireland,nation,30/08/2020,22.3
S92000003,Scotland,nation,30/08/2020,11.5
W92000004,Wales,nation,30/08/2020,10.2
E92000001,England,nation,29/08/2020,13.8
N92000002,Northern Ireland,nation,29/08/2020,23.2
S92000003,Scotland,nation,29/08/2020,10.8
W92000004,Wales,nation,29/08/2020,9.1
E92000001,England,nation,28/08/2020,13.2
N92000002,Northern Ireland,nation,28/08/2020,23.1
S92000003,Scotland,nation,28/08/2020,10
W92000004,Wales,nation,28/08/2020,8.3
E92000001,England,nation,27/08/2020,12.6
N92000002,Northern Ireland,nation,27/08/2020,22.9
S92000003,Scotland,nation,27/08/2020,9.8
W92000004,Wales,nation,27/08/2020,7.4
E92000001,England,nation,26/08/2020,12.4
N92000002,Northern Ireland,nation,26/08/2020,22.5
S92000003,Scotland,nation,26/08/2020,10.6
W92000004,Wales,nation,26/08/2020,6.8
E92000001,England,nation,25/08/2020,12.3
N92000002,Northern Ireland,nation,25/08/2020,20.9
S92000003,Scotland,nation,25/08/2020,10.5
W92000004,Wales,nation,25/08/2020,6.5
E92000001,England,nation,24/08/2020,12
N92000002,Northern Ireland,nation,24/08/2020,19.8
S92000003,Scotland,nation,24/08/2020,10.6
W92000004,Wales,nation,24/08/2020,6.1
E92000001,England,nation,23/08/2020,12
N92000002,Northern Ireland,nation,23/08/2020,20.2
S92000003,Scotland,nation,23/08/2020,10.9
W92000004,Wales,nation,23/08/2020,5.6
E92000001,England,nation,22/08/2020,11.7
N92000002,Northern Ireland,nation,22/08/2020,18.5
S92000003,Scotland,nation,22/08/2020,10.3
W92000004,Wales,nation,22/08/2020,5.8
E92000001,England,nation,21/08/2020,11.6
N92000002,Northern Ireland,nation,21/08/2020,17.4
S92000003,Scotland,nation,21/08/2020,9.7
W92000004,Wales,nation,21/08/2020,5.5
E92000001,England,nation,20/08/2020,11.7
N92000002,Northern Ireland,nation,20/08/2020,16.2
S92000003,Scotland,nation,20/08/2020,9
W92000004,Wales,nation,20/08/2020,5.3
E92000001,England,nation,19/08/2020,11.3
N92000002,Northern Ireland,nation,19/08/2020,15.2
S92000003,Scotland,nation,19/08/2020,7.5
W92000004,Wales,nation,19/08/2020,4.9
E92000001,England,nation,18/08/2020,11.3
N92000002,Northern Ireland,nation,18/08/2020,15.1
S92000003,Scotland,nation,18/08/2020,6.7
W92000004,Wales,nation,18/08/2020,4.5
E92000001,England,nation,17/08/2020,11.9
N92000002,Northern Ireland,nation,17/08/2020,14.8
S92000003,Scotland,nation,17/08/2020,6.4
W92000004,Wales,nation,17/08/2020,4.2
E92000001,England,nation,16/08/2020,12.2
N92000002,Northern Ireland,nation,16/08/2020,14.3
S92000003,Scotland,nation,16/08/2020,6.1
W92000004,Wales,nation,16/08/2020,4.2
E92000001,England,nation,15/08/2020,12.3
N92000002,Northern Ireland,nation,15/08/2020,14.6
S92000003,Scotland,nation,15/08/2020,6
W92000004,Wales,nation,15/08/2020,3.9
E92000001,England,nation,14/08/2020,12.3
N92000002,Northern Ireland,nation,14/08/2020,14.8
S92000003,Scotland,nation,14/08/2020,6.1
W92000004,Wales,nation,14/08/2020,3.7
E92000001,England,nation,13/08/2020,12
N92000002,Northern Ireland,nation,13/08/2020,12.7
S92000003,Scotland,nation,13/08/2020,6
W92000004,Wales,nation,13/08/2020,3.6
E92000001,England,nation,12/08/2020,11.9
N92000002,Northern Ireland,nation,12/08/2020,10.9
S92000003,Scotland,nation,12/08/2020,6.1
W92000004,Wales,nation,12/08/2020,3.8
E92000001,England,nation,11/08/2020,11.6
N92000002,Northern Ireland,nation,11/08/2020,10.4
S92000003,Scotland,nation,11/08/2020,6.5
W92000004,Wales,nation,11/08/2020,3.7
E92000001,England,nation,10/08/2020,11.1
N92000002,Northern Ireland,nation,10/08/2020,9.2
S92000003,Scotland,nation,10/08/2020,6.4
W92000004,Wales,nation,10/08/2020,3.6
E92000001,England,nation,09/08/2020,10.4
N92000002,Northern Ireland,nation,09/08/2020,7.9
S92000003,Scotland,nation,09/08/2020,6.4
W92000004,Wales,nation,09/08/2020,3.7
E92000001,England,nation,08/08/2020,10.3
N92000002,Northern Ireland,nation,08/08/2020,7
S92000003,Scotland,nation,08/08/2020,6.3
W92000004,Wales,nation,08/08/2020,3.9
E92000001,England,nation,07/08/2020,10
N92000002,Northern Ireland,nation,07/08/2020,6.1
S92000003,Scotland,nation,07/08/2020,6.2
W92000004,Wales,nation,07/08/2020,4.3
E92000001,England,nation,06/08/2020,9.6
N92000002,Northern Ireland,nation,06/08/2020,6
S92000003,Scotland,nation,06/08/2020,5.8
W92000004,Wales,nation,06/08/2020,4.3
E92000001,England,nation,05/08/2020,9.4
N92000002,Northern Ireland,nation,05/08/2020,5.6
S92000003,Scotland,nation,05/08/2020,5.1
W92000004,Wales,nation,05/08/2020,4.6
E92000001,England,nation,04/08/2020,9.5
N92000002,Northern Ireland,nation,04/08/2020,4.6
S92000003,Scotland,nation,04/08/2020,4.4
W92000004,Wales,nation,04/08/2020,4.7
E92000001,England,nation,03/08/2020,9.2
N92000002,Northern Ireland,nation,03/08/2020,4.4
S92000003,Scotland,nation,03/08/2020,3.7
W92000004,Wales,nation,03/08/2020,4.8
E92000001,England,nation,02/08/2020,9
N92000002,Northern Ireland,nation,02/08/2020,4.1
S92000003,Scotland,nation,02/08/2020,2.8
W92000004,Wales,nation,02/08/2020,4.9
E92000001,England,nation,01/08/2020,9
N92000002,Northern Ireland,nation,01/08/2020,3.7
S92000003,Scotland,nation,01/08/2020,2.6
W92000004,Wales,nation,01/08/2020,5.5
E92000001,England,nation,31/07/2020,9
N92000002,Northern Ireland,nation,31/07/2020,3.4
S92000003,Scotland,nation,31/07/2020,2.2
W92000004,Wales,nation,31/07/2020,5.8
E92000001,England,nation,30/07/2020,9.1
N92000002,Northern Ireland,nation,30/07/2020,3.4
S92000003,Scotland,nation,30/07/2020,2
W92000004,Wales,nation,30/07/2020,6.2
E92000001,England,nation,29/07/2020,8.9
N92000002,Northern Ireland,nation,29/07/2020,3.5
S92000003,Scotland,nation,29/07/2020,2
W92000004,Wales,nation,29/07/2020,6.2
E92000001,England,nation,28/07/2020,8.5
N92000002,Northern Ireland,nation,28/07/2020,3.4
S92000003,Scotland,nation,28/07/2020,1.7
W92000004,Wales,nation,28/07/2020,6.2
E92000001,England,nation,27/07/2020,8.4
N92000002,Northern Ireland,nation,27/07/2020,3.3
S92000003,Scotland,nation,27/07/2020,1.7
W92000004,Wales,nation,27/07/2020,7.3
E92000001,England,nation,26/07/2020,8.3
N92000002,Northern Ireland,nation,26/07/2020,2.9
S92000003,Scotland,nation,26/07/2020,1.7
W92000004,Wales,nation,26/07/2020,7.9
E92000001,England,nation,25/07/2020,8.1
N92000002,Northern Ireland,nation,25/07/2020,3
S92000003,Scotland,nation,25/07/2020,1.9
W92000004,Wales,nation,25/07/2020,7.1
E92000001,England,nation,24/07/2020,8
N92000002,Northern Ireland,nation,24/07/2020,3.1
S92000003,Scotland,nation,24/07/2020,2.1
W92000004,Wales,nation,24/07/2020,6.7
E92000001,England,nation,23/07/2020,7.7
N92000002,Northern Ireland,nation,23/07/2020,2.8
S92000003,Scotland,nation,23/07/2020,2
W92000004,Wales,nation,23/07/2020,6.3
E92000001,England,nation,22/07/2020,7.6
N92000002,Northern Ireland,nation,22/07/2020,3.2
S92000003,Scotland,nation,22/07/2020,2
W92000004,Wales,nation,22/07/2020,6.1
E92000001,England,nation,21/07/2020,7.5
N92000002,Northern Ireland,nation,21/07/2020,3.5
S92000003,Scotland,nation,21/07/2020,2
W92000004,Wales,nation,21/07/2020,5.9
E92000001,England,nation,20/07/2020,7.5
N92000002,Northern Ireland,nation,20/07/2020,3.3
S92000003,Scotland,nation,20/07/2020,1.8
W92000004,Wales,nation,20/07/2020,4.7
E92000001,England,nation,19/07/2020,7.3
N92000002,Northern Ireland,nation,19/07/2020,3.3
S92000003,Scotland,nation,19/07/2020,1.9
W92000004,Wales,nation,19/07/2020,4.1
E92000001,England,nation,18/07/2020,7.2
N92000002,Northern Ireland,nation,18/07/2020,3.3
S92000003,Scotland,nation,18/07/2020,1.6
W92000004,Wales,nation,18/07/2020,4.1
E92000001,England,nation,17/07/2020,7.2
N92000002,Northern Ireland,nation,17/07/2020,3.3
S92000003,Scotland,nation,17/07/2020,1.5
W92000004,Wales,nation,17/07/2020,4.1
E92000001,England,nation,16/07/2020,7.1
N92000002,Northern Ireland,nation,16/07/2020,3.1
S92000003,Scotland,nation,16/07/2020,1.6
W92000004,Wales,nation,16/07/2020,4.5
E92000001,England,nation,15/07/2020,7.2
N92000002,Northern Ireland,nation,15/07/2020,2.3
S92000003,Scotland,nation,15/07/2020,1.4
W92000004,Wales,nation,15/07/2020,4.4
E92000001,England,nation,14/07/2020,7.1
N92000002,Northern Ireland,nation,14/07/2020,1.8
S92000003,Scotland,nation,14/07/2020,1.2
W92000004,Wales,nation,14/07/2020,4.3
E92000001,England,nation,13/07/2020,6.9
N92000002,Northern Ireland,nation,13/07/2020,1.7
S92000003,Scotland,nation,13/07/2020,1.3
W92000004,Wales,nation,13/07/2020,4.4
E92000001,England,nation,12/07/2020,6.9
N92000002,Northern Ireland,nation,12/07/2020,2
S92000003,Scotland,nation,12/07/2020,1.1
W92000004,Wales,nation,12/07/2020,4.8
E92000001,England,nation,11/07/2020,7.2
N92000002,Northern Ireland,nation,11/07/2020,1.9
S92000003,Scotland,nation,11/07/2020,1.1
W92000004,Wales,nation,11/07/2020,4.9
E92000001,England,nation,10/07/2020,7.1
N92000002,Northern Ireland,nation,10/07/2020,1.6
S92000003,Scotland,nation,10/07/2020,1
W92000004,Wales,nation,10/07/2020,4.8
E92000001,England,nation,09/07/2020,7.2
N92000002,Northern Ireland,nation,09/07/2020,1.8
S92000003,Scotland,nation,09/07/2020,0.9
W92000004,Wales,nation,09/07/2020,4.4
E92000001,England,nation,08/07/2020,7
N92000002,Northern Ireland,nation,08/07/2020,1.7
S92000003,Scotland,nation,08/07/2020,1
W92000004,Wales,nation,08/07/2020,4.6
E92000001,England,nation,07/07/2020,6.9
N92000002,Northern Ireland,nation,07/07/2020,1.6
S92000003,Scotland,nation,07/07/2020,1
W92000004,Wales,nation,07/07/2020,5
E92000001,England,nation,06/07/2020,6.9
N92000002,Northern Ireland,nation,06/07/2020,1.5
S92000003,Scotland,nation,06/07/2020,1
W92000004,Wales,nation,06/07/2020,5.2
E92000001,England,nation,05/07/2020,6.9
N92000002,Northern Ireland,nation,05/07/2020,1.3
S92000003,Scotland,nation,05/07/2020,1.1
W92000004,Wales,nation,05/07/2020,5.5
E92000001,England,nation,04/07/2020,6.7
N92000002,Northern Ireland,nation,04/07/2020,1.4
S92000003,Scotland,nation,04/07/2020,1.1
W92000004,Wales,nation,04/07/2020,6
E92000001,England,nation,03/07/2020,6.9
N92000002,Northern Ireland,nation,03/07/2020,1.6
S92000003,Scotland,nation,03/07/2020,1.1
W92000004,Wales,nation,03/07/2020,10.1
E92000001,England,nation,02/07/2020,7.1
N92000002,Northern Ireland,nation,02/07/2020,1.3
S92000003,Scotland,nation,02/07/2020,1.1
W92000004,Wales,nation,02/07/2020,10.1
E92000001,England,nation,01/07/2020,7.2
N92000002,Northern Ireland,nation,01/07/2020,1.4
S92000003,Scotland,nation,01/07/2020,1.2
W92000004,Wales,nation,01/07/2020,11.2
E92000001,England,nation,30/06/2020,7.4
N92000002,Northern Ireland,nation,30/06/2020,1.4
S92000003,Scotland,nation,30/06/2020,1.1
W92000004,Wales,nation,30/06/2020,11.5
E92000001,England,nation,29/06/2020,7.7
N92000002,Northern Ireland,nation,29/06/2020,1.7
S92000003,Scotland,nation,29/06/2020,1.4
W92000004,Wales,nation,29/06/2020,14.5
E92000001,England,nation,28/06/2020,7.9
N92000002,Northern Ireland,nation,28/06/2020,1.7
S92000003,Scotland,nation,28/06/2020,1.3
W92000004,Wales,nation,28/06/2020,15.3
E92000001,England,nation,27/06/2020,8.2
N92000002,Northern Ireland,nation,27/06/2020,1.6
S92000003,Scotland,nation,27/06/2020,1.4
W92000004,Wales,nation,27/06/2020,16.8
E92000001,England,nation,26/06/2020,8.4
N92000002,Northern Ireland,nation,26/06/2020,1.7
S92000003,Scotland,nation,26/06/2020,1.4
W92000004,Wales,nation,26/06/2020,13.8
E92000001,England,nation,25/06/2020,8.7
N92000002,Northern Ireland,nation,25/06/2020,2.2
S92000003,Scotland,nation,25/06/2020,1.8
W92000004,Wales,nation,25/06/2020,17.7
E92000001,England,nation,24/06/2020,9.3
N92000002,Northern Ireland,nation,24/06/2020,2.3
S92000003,Scotland,nation,24/06/2020,1.7
W92000004,Wales,nation,24/06/2020,17.7
E92000001,England,nation,23/06/2020,9.6
N92000002,Northern Ireland,nation,23/06/2020,2.3
S92000003,Scotland,nation,23/06/2020,2.1
W92000004,Wales,nation,23/06/2020,18.6
E92000001,England,nation,22/06/2020,10.1
N92000002,Northern Ireland,nation,22/06/2020,2.5
S92000003,Scotland,nation,22/06/2020,2.1
W92000004,Wales,nation,22/06/2020,17
E92000001,England,nation,21/06/2020,10.3
N92000002,Northern Ireland,nation,21/06/2020,3.3
S92000003,Scotland,nation,21/06/2020,2.3
W92000004,Wales,nation,21/06/2020,17
E92000001,England,nation,20/06/2020,10.6
N92000002,Northern Ireland,nation,20/06/2020,3.5
S92000003,Scotland,nation,20/06/2020,2.3
W92000004,Wales,nation,20/06/2020,16.3
E92000001,England,nation,19/06/2020,10.9
N92000002,Northern Ireland,nation,19/06/2020,3.8
S92000003,Scotland,nation,19/06/2020,2.6
W92000004,Wales,nation,19/06/2020,17.1
E92000001,England,nation,18/06/2020,11.1
N92000002,Northern Ireland,nation,18/06/2020,3.7
S92000003,Scotland,nation,18/06/2020,2.8
W92000004,Wales,nation,18/06/2020,15
E92000001,England,nation,17/06/2020,11.1
N92000002,Northern Ireland,nation,17/06/2020,3.9
S92000003,Scotland,nation,17/06/2020,2.9
W92000004,Wales,nation,17/06/2020,15.1
E92000001,England,nation,16/06/2020,11.4
N92000002,Northern Ireland,nation,16/06/2020,4.4
S92000003,Scotland,nation,16/06/2020,2.8
W92000004,Wales,nation,16/06/2020,15.2
E92000001,England,nation,15/06/2020,11.5
N92000002,Northern Ireland,nation,15/06/2020,4.4
S92000003,Scotland,nation,15/06/2020,3
W92000004,Wales,nation,15/06/2020,14.6
E92000001,England,nation,14/06/2020,11.6
N92000002,Northern Ireland,nation,14/06/2020,4.2
S92000003,Scotland,nation,14/06/2020,2.9
W92000004,Wales,nation,14/06/2020,14.8
E92000001,England,nation,13/06/2020,11.4
N92000002,Northern Ireland,nation,13/06/2020,4
S92000003,Scotland,nation,13/06/2020,3
W92000004,Wales,nation,13/06/2020,14.2
E92000001,England,nation,12/06/2020,11.3
N92000002,Northern Ireland,nation,12/06/2020,3.9
S92000003,Scotland,nation,12/06/2020,3
W92000004,Wales,nation,12/06/2020,13.7
E92000001,England,nation,11/06/2020,11.5
N92000002,Northern Ireland,nation,11/06/2020,4.6
S92000003,Scotland,nation,11/06/2020,2.9
W92000004,Wales,nation,11/06/2020,13
E92000001,England,nation,10/06/2020,11.9
N92000002,Northern Ireland,nation,10/06/2020,4.6
S92000003,Scotland,nation,10/06/2020,3.1
W92000004,Wales,nation,10/06/2020,12.8
E92000001,England,nation,09/06/2020,12.2
N92000002,Northern Ireland,nation,09/06/2020,4.4
S92000003,Scotland,nation,09/06/2020,3.3
W92000004,Wales,nation,09/06/2020,13.1
E92000001,England,nation,08/06/2020,12.7
N92000002,Northern Ireland,nation,08/06/2020,4.9
S92000003,Scotland,nation,08/06/2020,3.6
W92000004,Wales,nation,08/06/2020,13.4
E92000001,England,nation,07/06/2020,13.2
N92000002,Northern Ireland,nation,07/06/2020,5.4
S92000003,Scotland,nation,07/06/2020,4
W92000004,Wales,nation,07/06/2020,13.1
E92000001,England,nation,06/06/2020,13.8
N92000002,Northern Ireland,nation,06/06/2020,6.5
S92000003,Scotland,nation,06/06/2020,4.1
W92000004,Wales,nation,06/06/2020,13.5
E92000001,England,nation,05/06/2020,14.3
N92000002,Northern Ireland,nation,05/06/2020,6.8
S92000003,Scotland,nation,05/06/2020,4.4
W92000004,Wales,nation,05/06/2020,14.1
E92000001,England,nation,04/06/2020,14.9
N92000002,Northern Ireland,nation,04/06/2020,6.6
S92000003,Scotland,nation,04/06/2020,4.5
W92000004,Wales,nation,04/06/2020,15.7
E92000001,England,nation,03/06/2020,15.7
N92000002,Northern Ireland,nation,03/06/2020,7.5
S92000003,Scotland,nation,03/06/2020,4.9
W92000004,Wales,nation,03/06/2020,17
E92000001,England,nation,02/06/2020,16.3
N92000002,Northern Ireland,nation,02/06/2020,8.7
S92000003,Scotland,nation,02/06/2020,5.4
W92000004,Wales,nation,02/06/2020,18.4
E92000001,England,nation,01/06/2020,16.5
N92000002,Northern Ireland,nation,01/06/2020,9
S92000003,Scotland,nation,01/06/2020,6
W92000004,Wales,nation,01/06/2020,19.3
E92000001,England,nation,31/05/2020,16.6
N92000002,Northern Ireland,nation,31/05/2020,9.8
S92000003,Scotland,nation,31/05/2020,7.1
W92000004,Wales,nation,31/05/2020,20.6
E92000001,England,nation,30/05/2020,17
N92000002,Northern Ireland,nation,30/05/2020,10
S92000003,Scotland,nation,30/05/2020,7.7
W92000004,Wales,nation,30/05/2020,21.7
E92000001,England,nation,29/05/2020,17.5
N92000002,Northern Ireland,nation,29/05/2020,12.2
S92000003,Scotland,nation,29/05/2020,7.8
W92000004,Wales,nation,29/05/2020,23.4
E92000001,England,nation,28/05/2020,18.3
N92000002,Northern Ireland,nation,28/05/2020,12.9
S92000003,Scotland,nation,28/05/2020,9
W92000004,Wales,nation,28/05/2020,24.4
E92000001,England,nation,27/05/2020,19.5
N92000002,Northern Ireland,nation,27/05/2020,14.4
S92000003,Scotland,nation,27/05/2020,10
W92000004,Wales,nation,27/05/2020,25.3
E92000001,England,nation,26/05/2020,20.8
N92000002,Northern Ireland,nation,26/05/2020,16.5
S92000003,Scotland,nation,26/05/2020,11
W92000004,Wales,nation,26/05/2020,26.8
E92000001,England,nation,25/05/2020,22.8
N92000002,Northern Ireland,nation,25/05/2020,18.9
S92000003,Scotland,nation,25/05/2020,12.9
W92000004,Wales,nation,25/05/2020,30.4
E92000001,England,nation,24/05/2020,24.3
N92000002,Northern Ireland,nation,24/05/2020,20.1
S92000003,Scotland,nation,24/05/2020,13.7
W92000004,Wales,nation,24/05/2020,32.4
E92000001,England,nation,23/05/2020,25
N92000002,Northern Ireland,nation,23/05/2020,20.4
S92000003,Scotland,nation,23/05/2020,14.4
W92000004,Wales,nation,23/05/2020,33.5
E92000001,England,nation,22/05/2020,25.8
N92000002,Northern Ireland,nation,22/05/2020,19.7
S92000003,Scotland,nation,22/05/2020,15.4
W92000004,Wales,nation,22/05/2020,34.9
E92000001,England,nation,21/05/2020,26.4
N92000002,Northern Ireland,nation,21/05/2020,21.4
S92000003,Scotland,nation,21/05/2020,16.5
W92000004,Wales,nation,21/05/2020,36.2
E92000001,England,nation,20/05/2020,26.3
N92000002,Northern Ireland,nation,20/05/2020,22.3
S92000003,Scotland,nation,20/05/2020,18.3
W92000004,Wales,nation,20/05/2020,36.2
E92000001,England,nation,19/05/2020,27.3
N92000002,Northern Ireland,nation,19/05/2020,22.4
S92000003,Scotland,nation,19/05/2020,19.7
W92000004,Wales,nation,19/05/2020,35.8
E92000001,England,nation,18/05/2020,27.9
N92000002,Northern Ireland,nation,18/05/2020,23.4
S92000003,Scotland,nation,18/05/2020,20.6
W92000004,Wales,nation,18/05/2020,33.8
E92000001,England,nation,17/05/2020,29.4
N92000002,Northern Ireland,nation,17/05/2020,24
S92000003,Scotland,nation,17/05/2020,22.9
W92000004,Wales,nation,17/05/2020,34.1
E92000001,England,nation,16/05/2020,30.1
N92000002,Northern Ireland,nation,16/05/2020,25.3
S92000003,Scotland,nation,16/05/2020,23.9
W92000004,Wales,nation,16/05/2020,33.8
E92000001,England,nation,15/05/2020,30.2
N92000002,Northern Ireland,nation,15/05/2020,26.1
S92000003,Scotland,nation,15/05/2020,25.3
W92000004,Wales,nation,15/05/2020,32.8
E92000001,England,nation,14/05/2020,31.1
N92000002,Northern Ireland,nation,14/05/2020,26.4
S92000003,Scotland,nation,14/05/2020,27.1
W92000004,Wales,nation,14/05/2020,30.8
E92000001,England,nation,13/05/2020,32.8
N92000002,Northern Ireland,nation,13/05/2020,27.7
S92000003,Scotland,nation,13/05/2020,28.6
W92000004,Wales,nation,13/05/2020,32.2
E92000001,England,nation,12/05/2020,33.5
N92000002,Northern Ireland,nation,12/05/2020,27.9
S92000003,Scotland,nation,12/05/2020,30.5
W92000004,Wales,nation,12/05/2020,32.8
E92000001,England,nation,11/05/2020,33.9
N92000002,Northern Ireland,nation,11/05/2020,27
S92000003,Scotland,nation,11/05/2020,31.6
W92000004,Wales,nation,11/05/2020,33.6
E92000001,England,nation,10/05/2020,33.5
N92000002,Northern Ireland,nation,10/05/2020,27
S92000003,Scotland,nation,10/05/2020,32.9
W92000004,Wales,nation,10/05/2020,32.3
E92000001,England,nation,09/05/2020,34.6
N92000002,Northern Ireland,nation,09/05/2020,26.6
S92000003,Scotland,nation,09/05/2020,33.6
W92000004,Wales,nation,09/05/2020,32.3
E92000001,England,nation,08/05/2020,36.3
N92000002,Northern Ireland,nation,08/05/2020,28.4
S92000003,Scotland,nation,08/05/2020,34.3
W92000004,Wales,nation,08/05/2020,33.6
E92000001,England,nation,07/05/2020,38.9
N92000002,Northern Ireland,nation,07/05/2020,29.7
S92000003,Scotland,nation,07/05/2020,36.4
W92000004,Wales,nation,07/05/2020,35.6
E92000001,England,nation,06/05/2020,40.9
N92000002,Northern Ireland,nation,06/05/2020,30.7
S92000003,Scotland,nation,06/05/2020,37.2
W92000004,Wales,nation,06/05/2020,36.3
E92000001,England,nation,05/05/2020,43.5
N92000002,Northern Ireland,nation,05/05/2020,31.3
S92000003,Scotland,nation,05/05/2020,39.5
W92000004,Wales,nation,05/05/2020,36.5
E92000001,England,nation,04/05/2020,45.2
N92000002,Northern Ireland,nation,04/05/2020,31.3
S92000003,Scotland,nation,04/05/2020,41.2
W92000004,Wales,nation,04/05/2020,35.8
E92000001,England,nation,03/05/2020,47.3
N92000002,Northern Ireland,nation,03/05/2020,31.2
S92000003,Scotland,nation,03/05/2020,43
W92000004,Wales,nation,03/05/2020,36.8
E92000001,England,nation,02/05/2020,48.2
N92000002,Northern Ireland,nation,02/05/2020,30.7
S92000003,Scotland,nation,02/05/2020,42.7
W92000004,Wales,nation,02/05/2020,37.3
E92000001,England,nation,01/05/2020,49.3
N92000002,Northern Ireland,nation,01/05/2020,28.7
S92000003,Scotland,nation,01/05/2020,42.1
W92000004,Wales,nation,01/05/2020,36
E92000001,England,nation,30/04/2020,49.8
N92000002,Northern Ireland,nation,30/04/2020,27.9
S92000003,Scotland,nation,30/04/2020,40.9
W92000004,Wales,nation,30/04/2020,37.1
E92000001,England,nation,29/04/2020,50.2
N92000002,Northern Ireland,nation,29/04/2020,25.7
S92000003,Scotland,nation,29/04/2020,40.5
W92000004,Wales,nation,29/04/2020,37.2
E92000001,England,nation,28/04/2020,50.4
N92000002,Northern Ireland,nation,28/04/2020,25.9
S92000003,Scotland,nation,28/04/2020,38.9
W92000004,Wales,nation,28/04/2020,39.6
E92000001,England,nation,27/04/2020,50.1
N92000002,Northern Ireland,nation,27/04/2020,28.9
S92000003,Scotland,nation,27/04/2020,39.2
W92000004,Wales,nation,27/04/2020,43
E92000001,England,nation,26/04/2020,49.5
N92000002,Northern Ireland,nation,26/04/2020,31.1
S92000003,Scotland,nation,26/04/2020,45.6
W92000004,Wales,nation,26/04/2020,46.4
E92000001,England,nation,25/04/2020,50.1
N92000002,Northern Ireland,nation,25/04/2020,30.9
S92000003,Scotland,nation,25/04/2020,45.3
W92000004,Wales,nation,25/04/2020,48.3
E92000001,England,nation,24/04/2020,51.4
N92000002,Northern Ireland,nation,24/04/2020,32.7
S92000003,Scotland,nation,24/04/2020,46.8
W92000004,Wales,nation,24/04/2020,51.9
E92000001,England,nation,23/04/2020,50.9
N92000002,Northern Ireland,nation,23/04/2020,36.5
S92000003,Scotland,nation,23/04/2020,48.4
W92000004,Wales,nation,23/04/2020,55.4
E92000001,England,nation,22/04/2020,50.5
N92000002,Northern Ireland,nation,22/04/2020,40
S92000003,Scotland,nation,22/04/2020,50.5
W92000004,Wales,nation,22/04/2020,60.5
E92000001,England,nation,21/04/2020,49.5
N92000002,Northern Ireland,nation,21/04/2020,41.9
S92000003,Scotland,nation,21/04/2020,50.3
W92000004,Wales,nation,21/04/2020,63.9
E92000001,England,nation,20/04/2020,48.7
N92000002,Northern Ireland,nation,20/04/2020,40
S92000003,Scotland,nation,20/04/2020,49.4
W92000004,Wales,nation,20/04/2020,65.8
E92000001,England,nation,19/04/2020,48.3
N92000002,Northern Ireland,nation,19/04/2020,39.7
S92000003,Scotland,nation,19/04/2020,41.7
W92000004,Wales,nation,19/04/2020,65.5
E92000001,England,nation,18/04/2020,47.3
N92000002,Northern Ireland,nation,18/04/2020,41.4
S92000003,Scotland,nation,18/04/2020,42.8
W92000004,Wales,nation,18/04/2020,67.6
E92000001,England,nation,17/04/2020,45.5
N92000002,Northern Ireland,nation,17/04/2020,40.5
S92000003,Scotland,nation,17/04/2020,41.4
W92000004,Wales,nation,17/04/2020,67.6
E92000001,England,nation,16/04/2020,44.6
N92000002,Northern Ireland,nation,16/04/2020,37.3
S92000003,Scotland,nation,16/04/2020,40.2
W92000004,Wales,nation,16/04/2020,67.1
E92000001,England,nation,15/04/2020,44.1
N92000002,Northern Ireland,nation,15/04/2020,35.2
S92000003,Scotland,nation,15/04/2020,38
W92000004,Wales,nation,15/04/2020,68
E92000001,England,nation,14/04/2020,44.2
N92000002,Northern Ireland,nation,14/04/2020,33.6
S92000003,Scotland,nation,14/04/2020,38.2
W92000004,Wales,nation,14/04/2020,68.8
E92000001,England,nation,13/04/2020,46.1
N92000002,Northern Ireland,nation,13/04/2020,35.4
S92000003,Scotland,nation,13/04/2020,38.3
W92000004,Wales,nation,13/04/2020,71
E92000001,England,nation,12/04/2020,47.7
N92000002,Northern Ireland,nation,12/04/2020,35.3
S92000003,Scotland,nation,12/04/2020,39.1
W92000004,Wales,nation,12/04/2020,74.5
E92000001,England,nation,11/04/2020,48
N92000002,Northern Ireland,nation,11/04/2020,34.6
S92000003,Scotland,nation,11/04/2020,39.2
W92000004,Wales,nation,11/04/2020,73.7
E92000001,England,nation,10/04/2020,48.5
N92000002,Northern Ireland,nation,10/04/2020,35.6
S92000003,Scotland,nation,10/04/2020,40.5
W92000004,Wales,nation,10/04/2020,74.8
E92000001,England,nation,09/04/2020,49.4
N92000002,Northern Ireland,nation,09/04/2020,36.1
S92000003,Scotland,nation,09/04/2020,41.5
W92000004,Wales,nation,09/04/2020,75.5
E92000001,England,nation,08/04/2020,49.4
N92000002,Northern Ireland,nation,08/04/2020,36.4
S92000003,Scotland,nation,08/04/2020,42.3
W92000004,Wales,nation,08/04/2020,73.8
E92000001,England,nation,07/04/2020,49.1
N92000002,Northern Ireland,nation,07/04/2020,36.4
S92000003,Scotland,nation,07/04/2020,43.1
W92000004,Wales,nation,07/04/2020,71.9
E92000001,England,nation,06/04/2020,47.7
N92000002,Northern Ireland,nation,06/04/2020,35.4
S92000003,Scotland,nation,06/04/2020,42.9
W92000004,Wales,nation,06/04/2020,68.4
E92000001,England,nation,05/04/2020,46.2
N92000002,Northern Ireland,nation,05/04/2020,34.3
S92000003,Scotland,nation,05/04/2020,41.4
W92000004,Wales,nation,05/04/2020,67.2
E92000001,England,nation,04/04/2020,45.1
N92000002,Northern Ireland,nation,04/04/2020,34.4
S92000003,Scotland,nation,04/04/2020,40.9
W92000004,Wales,nation,04/04/2020,65.1
E92000001,England,nation,03/04/2020,43.3
N92000002,Northern Ireland,nation,03/04/2020,33.9
S92000003,Scotland,nation,03/04/2020,39.9
W92000004,Wales,nation,03/04/2020,61.5
E92000001,England,nation,02/04/2020,40.8
N92000002,Northern Ireland,nation,02/04/2020,32.1
S92000003,Scotland,nation,02/04/2020,38
W92000004,Wales,nation,02/04/2020,57.2
E92000001,England,nation,01/04/2020,38.2
N92000002,Northern Ireland,nation,01/04/2020,30.5
S92000003,Scotland,nation,01/04/2020,35.6
W92000004,Wales,nation,01/04/2020,52.1
E92000001,England,nation,31/03/2020,34.9
N92000002,Northern Ireland,nation,31/03/2020,28.1
S92000003,Scotland,nation,31/03/2020,32
W92000004,Wales,nation,31/03/2020,47.8
E92000001,England,nation,30/03/2020,31.7
N92000002,Northern Ireland,nation,30/03/2020,24.4
S92000003,Scotland,nation,30/03/2020,28.8
W92000004,Wales,nation,30/03/2020,43.5
E92000001,England,nation,29/03/2020,29.1
N92000002,Northern Ireland,nation,29/03/2020,22.1
S92000003,Scotland,nation,29/03/2020,25.5
W92000004,Wales,nation,29/03/2020,36.8
E92000001,England,nation,28/03/2020,26.9
N92000002,Northern Ireland,nation,28/03/2020,19.8
S92000003,Scotland,nation,28/03/2020,23.3
W92000004,Wales,nation,28/03/2020,34.2
E92000001,England,nation,27/03/2020,24.5
N92000002,Northern Ireland,nation,27/03/2020,16.8
S92000003,Scotland,nation,27/03/2020,20.7
W92000004,Wales,nation,27/03/2020,31.2
E92000001,England,nation,26/03/2020,21.7
N92000002,Northern Ireland,nation,26/03/2020,14.2
S92000003,Scotland,nation,26/03/2020,17.2
W92000004,Wales,nation,26/03/2020,27.4
E92000001,England,nation,25/03/2020,18.7
N92000002,Northern Ireland,nation,25/03/2020,10.9
S92000003,Scotland,nation,25/03/2020,14
W92000004,Wales,nation,25/03/2020,23.7
E92000001,England,nation,24/03/2020,16.3
N92000002,Northern Ireland,nation,24/03/2020,8.7
S92000003,Scotland,nation,24/03/2020,11.3
W92000004,Wales,nation,24/03/2020,18.8
E92000001,England,nation,23/03/2020,13.9
N92000002,Northern Ireland,nation,23/03/2020,6.9
S92000003,Scotland,nation,23/03/2020,9.1
W92000004,Wales,nation,23/03/2020,15.5
E92000001,England,nation,22/03/2020,11.3
N92000002,Northern Ireland,nation,22/03/2020,5.2
S92000003,Scotland,nation,22/03/2020,6.9
W92000004,Wales,nation,22/03/2020,12.5
E92000001,England,nation,21/03/2020,9.9
N92000002,Northern Ireland,nation,21/03/2020,4.3
S92000003,Scotland,nation,21/03/2020,5.8
W92000004,Wales,nation,21/03/2020,11.1
E92000001,England,nation,20/03/2020,8.6
N92000002,Northern Ireland,nation,20/03/2020,3.8
S92000003,Scotland,nation,20/03/2020,4.9
W92000004,Wales,nation,20/03/2020,9.3
E92000001,England,nation,19/03/2020,7.4
N92000002,Northern Ireland,nation,19/03/2020,3.5
S92000003,Scotland,nation,19/03/2020,4.3
W92000004,Wales,nation,19/03/2020,7.9
E92000001,England,nation,18/03/2020,6.5
N92000002,Northern Ireland,nation,18/03/2020,3
S92000003,Scotland,nation,18/03/2020,4.1
W92000004,Wales,nation,18/03/2020,6.8
E92000001,England,nation,17/03/2020,5.5
N92000002,Northern Ireland,nation,17/03/2020,2.9
S92000003,Scotland,nation,17/03/2020,3.8
W92000004,Wales,nation,17/03/2020,6.1
E92000001,England,nation,16/03/2020,4.7
N92000002,Northern Ireland,nation,16/03/2020,2.7
S92000003,Scotland,nation,16/03/2020,3.4
W92000004,Wales,nation,16/03/2020,5.3
E92000001,England,nation,15/03/2020,3.9
N92000002,Northern Ireland,nation,15/03/2020,2.4
S92000003,Scotland,nation,15/03/2020,3.3
W92000004,Wales,nation,15/03/2020,4.3
E92000001,England,nation,14/03/2020,3.3
N92000002,Northern Ireland,nation,14/03/2020,2.5
S92000003,Scotland,nation,14/03/2020,3.1
W92000004,Wales,nation,14/03/2020,3.3
E92000001,England,nation,13/03/2020,2.9
N92000002,Northern Ireland,nation,13/03/2020,2.2
S92000003,Scotland,nation,13/03/2020,2.9
W92000004,Wales,nation,13/03/2020,2.7
E92000001,England,nation,12/03/2020,2.3
N92000002,Northern Ireland,nation,12/03/2020,1.7
S92000003,Scotland,nation,12/03/2020,2.1
W92000004,Wales,nation,12/03/2020,1.8
E92000001,England,nation,11/03/2020,1.7
N92000002,Northern Ireland,nation,11/03/2020,1.6
S92000003,Scotland,nation,11/03/2020,1.5
W92000004,Wales,nation,11/03/2020,1
E92000001,England,nation,10/03/2020,1.1
N92000002,Northern Ireland,nation,10/03/2020,1.1
S92000003,Scotland,nation,10/03/2020,1.1
W92000004,Wales,nation,10/03/2020,0.6
E92000001,England,nation,09/03/2020,0.8
N92000002,Northern Ireland,nation,09/03/2020,0.8
S92000003,Scotland,nation,09/03/2020,0.8
W92000004,Wales,nation,09/03/2020,0.2
E92000001,England,nation,08/03/2020,0.6
N92000002,Northern Ireland,nation,08/03/2020,0.6
S92000003,Scotland,nation,08/03/2020,0.5
W92000004,Wales,nation,08/03/2020,0.1
E92000001,England,nation,07/03/2020,0.6
N92000002,Northern Ireland,nation,07/03/2020,0.5
S92000003,Scotland,nation,07/03/2020,0.5
W92000004,Wales,nation,07/03/2020,0.1
E92000001,England,nation,06/03/2020,0.5
N92000002,Northern Ireland,nation,06/03/2020,0.2
S92000003,Scotland,nation,06/03/2020,0.4
W92000004,Wales,nation,06/03/2020,0
E92000001,England,nation,05/03/2020,0.4
N92000002,Northern Ireland,nation,05/03/2020,0.1
S92000003,Scotland,nation,05/03/2020,0.3
W92000004,Wales,nation,05/03/2020,0
E92000001,England,nation,04/03/2020,0.3
W92000004,Wales,nation,04/03/2020,0.1
E92000001,England,nation,03/03/2020,0.2
E92000001,England,nation,02/03/2020,0.2
E92000001,England,nation,01/03/2020,0.1
E92000001,England,nation,29/02/2020,0.1
E92000001,England,nation,28/02/2020,0.1
